<?xml version="1.0" encoding="UTF-8"?>
<!DOCTYPE document-info PUBLIC '-//KDE//DTD document-info 1.1//EN' 'http://www.calligra.org/DTD/document-info-1.1.dtd'>
<document-info xmlns="http://www.calligra.org/DTD/document-info">
 <about>
  <title>smallfoot_weapon</title>
  <description></description>
  <subject></subject>
  <abstract><![CDATA[]]></abstract>
  <keyword></keyword>
  <initial-creator>Unknown</initial-creator>
  <editing-cycles>1</editing-cycles>
  <editing-time>68</editing-time>
  <date>2022-12-28T08:50:15</date>
  <creation-date>2022-12-28T08:48:13</creation-date>
  <language></language>
  <license></license>
 </about>
 <author>
  <full-name></full-name>
  <creator-first-name></creator-first-name>
  <creator-last-name></creator-last-name>
  <initial></initial>
  <author-title></author-title>
  <position></position>
  <company></company>
 </author>
</document-info>
