<?xml version="1.0" encoding="UTF-8"?>
<!DOCTYPE DOC PUBLIC '-//KDE//DTD krita 2.0//EN' 'http://www.calligra.org/DTD/krita-2.0.dtd'>
<DOC xmlns="http://www.calligra.org/DTD/krita" kritaVersion="5.0.2" editor="Krita" syntaxVersion="2.0">
 <IMAGE description="" mime="application/x-kra" profile="sRGB-elle-V2-srgbtrc.icc" width="25" height="13" name="smallfoot_weapon" y-res="600" colorspacename="RGBA" x-res="600">
  <layers>
   <layer collapsed="0" nodetype="paintlayer" opacity="255" colorlabel="0" onionskin="0" visible="0" channellockflags="1111" y="0" compositeop="normal" selected="true" intimeline="1" locked="0" x="0" colorspacename="RGBA" name="Paint Layer 2" filename="layer2" uuid="{281c0dc9-9e37-45ba-aeff-68ff9b14b604}" channelflags=""/>
   <layer onionskin="0" y="-20" visible="1" filename="layer3" intimeline="0" channelflags="" nodetype="paintlayer" compositeop="normal" name="Paint Layer 4 (pasted)" channellockflags="1111" opacity="255" collapsed="0" uuid="{3fd78898-e561-40d7-b8b5-ca013928c1bc}" colorlabel="0" colorspacename="RGBA" locked="0" x="-5"/>
   <layer onionskin="0" y="-12" visible="1" filename="layer4" intimeline="1" channelflags="" nodetype="paintlayer" compositeop="normal" name="Paint Layer 1" channellockflags="1111" opacity="255" collapsed="0" uuid="{d9e306b4-08a3-42cb-aea2-e3d8f64bc489}" colorlabel="0" colorspacename="RGBA" locked="0" x="-5"/>
  </layers>
  <ProjectionBackgroundColor ColorData="AAAAAA=="/>
  <GlobalAssistantsColor SimpleColorData="176,176,176,255"/>
  <Palettes/>
  <resources/>
  <animation>
   <framerate value="24" type="value"/>
   <range type="timerange" from="0" to="100"/>
   <currentTime value="0" type="value"/>
  </animation>
 </IMAGE>
</DOC>
