<?xml version="1.0" encoding="UTF-8"?>
<!DOCTYPE DOC PUBLIC '-//KDE//DTD krita 2.0//EN' 'http://www.calligra.org/DTD/krita-2.0.dtd'>
<DOC xmlns="http://www.calligra.org/DTD/krita" editor="Krita" syntaxVersion="2.0" kritaVersion="5.0.2">
 <IMAGE profile="sRGB-elle-V2-srgbtrc.icc" name="document_0" height="32" description="" width="32" colorspacename="RGBA" y-res="600" mime="application/x-kra" x-res="600">
  <layers>
   <layer uuid="{1733fe8a-c73e-4337-b720-5efcff85f5f8}" channelflags="" name="gun" visible="0" compositeop="normal" locked="0" colorspacename="RGBA" collapsed="0" intimeline="1" filename="layer2" y="0" channellockflags="1111" opacity="255" colorlabel="0" x="0" onionskin="0" nodetype="paintlayer"/>
   <layer selected="true" uuid="{1f9e87c6-08a6-4e85-907a-f913245d4de5}" y="1" filename="layer3" keyframes="layer3.keyframes.xml" name="face" compositeop="normal" collapsed="0" channelflags="" x="0" channellockflags="1111" opacity="255" colorspacename="RGBA" onionskin="0" colorlabel="0" intimeline="1" nodetype="paintlayer" visible="1" locked="0"/>
   <layer uuid="{eb05588a-0d28-4163-a3ca-afba6bc3987e}" y="0" filename="layer4" keyframes="layer4.keyframes.xml" name="base" compositeop="normal" collapsed="0" channelflags="" x="0" channellockflags="1111" opacity="255" colorspacename="RGBA" onionskin="0" colorlabel="0" intimeline="1" nodetype="paintlayer" visible="1" locked="0"/>
   <layer uuid="{5c9ee4f5-558f-413a-bd73-c0ffdf3152df}" channelflags="" name="Copy of gun" visible="0" compositeop="normal" locked="0" colorspacename="RGBA" collapsed="0" intimeline="1" filename="layer5" y="-1" channellockflags="1111" opacity="255" colorlabel="0" x="10" onionskin="0" nodetype="paintlayer"/>
   <layer uuid="{3a0989b6-c525-4aff-9af2-49fd3a3d3df7}" channelflags="" name="Background" visible="0" compositeop="normal" locked="1" colorspacename="RGBA" collapsed="0" intimeline="1" filename="layer6" y="0" channellockflags="1111" opacity="255" colorlabel="0" x="0" onionskin="0" nodetype="paintlayer"/>
  </layers>
  <ProjectionBackgroundColor ColorData="AAAAAA=="/>
  <GlobalAssistantsColor SimpleColorData="176,176,176,255"/>
  <Palettes/>
  <resources/>
  <animation>
   <framerate value="6" type="value"/>
   <range from="0" type="timerange" to="3"/>
   <currentTime value="2" type="value"/>
  </animation>
 </IMAGE>
</DOC>
