<?xml version="1.0" encoding="UTF-8"?>
<!DOCTYPE keyframes PUBLIC '-//KDE//DTD krita-keyframes 1.0//EN' 'http://www.calligra.org/DTD/krita-keyframes-1.0.dtd'>
<keyframes xmlns="http://www.calligra.org/DTD/krita-keyframes">
 <channel name="content">
  <keyframe color-label="0" time="0" frame="layer4">
   <offset type="point" y="0" x="0"/>
  </keyframe>
  <keyframe color-label="0" time="1" frame="layer4.f8">
   <offset type="point" y="0" x="0"/>
  </keyframe>
  <keyframe color-label="0" time="3" frame="layer4.f9">
   <offset type="point" y="0" x="0"/>
  </keyframe>
 </channel>
</keyframes>
