<?xml version="1.0" encoding="UTF-8"?>
<!DOCTYPE DOC PUBLIC '-//KDE//DTD krita 2.0//EN' 'http://www.calligra.org/DTD/krita-2.0.dtd'>
<DOC xmlns="http://www.calligra.org/DTD/krita" kritaVersion="5.0.2" editor="Krita" syntaxVersion="2.0">
 <IMAGE description="" mime="application/x-kra" profile="sRGB-elle-V2-srgbtrc.icc" width="23" height="10" name="boomguy_weapon" y-res="600" colorspacename="RGBA" x-res="600">
  <layers>
   <layer collapsed="0" nodetype="paintlayer" opacity="255" colorlabel="0" onionskin="0" visible="1" channellockflags="1111" y="0" compositeop="normal" selected="true" intimeline="1" locked="0" x="0" colorspacename="RGBA" name="Paint Layer 2" filename="layer2" uuid="{e6b23cde-6c32-492d-af90-bc762bf20b3e}" channelflags=""/>
   <layer onionskin="0" y="-17" visible="1" filename="layer3" intimeline="0" channelflags="" nodetype="paintlayer" compositeop="normal" name="Paint Layer 2 (pasted)" channellockflags="1111" opacity="255" collapsed="0" uuid="{affbec45-f4d7-4012-9c1e-3220b6a6346d}" colorlabel="0" colorspacename="RGBA" locked="0" x="-4"/>
   <layer onionskin="0" y="-6" visible="1" filename="layer4" intimeline="1" channelflags="" nodetype="paintlayer" compositeop="normal" name="Paint Layer 1" channellockflags="1111" opacity="255" collapsed="0" uuid="{1e1fff81-60f4-4063-8a67-5ce52c569548}" colorlabel="0" colorspacename="RGBA" locked="0" x="0"/>
   <layer onionskin="0" y="-6" visible="0" filename="layer5" intimeline="1" channelflags="" nodetype="paintlayer" compositeop="normal" name="Background" channellockflags="1111" opacity="255" collapsed="0" uuid="{2f72bee0-84d7-4105-a126-a41c1420a48d}" colorlabel="0" colorspacename="RGBA" locked="1" x="0"/>
  </layers>
  <ProjectionBackgroundColor ColorData="AAAAAA=="/>
  <GlobalAssistantsColor SimpleColorData="176,176,176,255"/>
  <Palettes/>
  <resources/>
  <animation>
   <framerate value="24" type="value"/>
   <range type="timerange" from="0" to="100"/>
   <currentTime value="0" type="value"/>
  </animation>
 </IMAGE>
</DOC>
