<?xml version="1.0" encoding="UTF-8"?>
<!DOCTYPE DOC PUBLIC '-//KDE//DTD krita 2.0//EN' 'http://www.calligra.org/DTD/krita-2.0.dtd'>
<DOC xmlns="http://www.calligra.org/DTD/krita" kritaVersion="5.0.2" editor="Krita" syntaxVersion="2.0">
 <IMAGE description="" mime="application/x-kra" profile="sRGB built-in" width="32" height="32" name="Unnamed" y-res="599.997761198928" colorspacename="RGBA" x-res="599.997761198928">
  <layers>
   <layer collapsed="0" nodetype="paintlayer" opacity="255" colorlabel="0" onionskin="0" visible="1" channellockflags="" y="0" compositeop="normal" selected="true" intimeline="0" locked="0" x="0" colorspacename="RGBA" name="Background" filename="layer2" uuid="{b5e74270-c39b-4dfa-9ac7-af31ff2f17ef}" channelflags=""/>
  </layers>
  <ProjectionBackgroundColor ColorData="AAAAAA=="/>
  <GlobalAssistantsColor SimpleColorData="176,176,176,255"/>
  <Palettes/>
  <resources/>
  <animation>
   <framerate value="24" type="value"/>
   <range type="timerange" from="0" to="100"/>
   <currentTime value="0" type="value"/>
  </animation>
 </IMAGE>
</DOC>
