<?xml version="1.0" encoding="UTF-8"?>
<!DOCTYPE DOC PUBLIC '-//KDE//DTD krita 2.0//EN' 'http://www.calligra.org/DTD/krita-2.0.dtd'>
<DOC xmlns="http://www.calligra.org/DTD/krita" kritaVersion="5.0.2" editor="Krita" syntaxVersion="2.0">
 <IMAGE description="" mime="application/x-kra" profile="sRGB built-in" width="32" height="32" name="Unnamed" y-res="599.997761198928" colorspacename="RGBA" x-res="599.997761198928">
  <layers>
   <layer onionskin="0" y="0" visible="1" filename="layer2" intimeline="1" channelflags="" nodetype="paintlayer" compositeop="normal" name="Paint Layer 1" channellockflags="1111" opacity="255" collapsed="0" uuid="{788de9d6-41e5-489d-abf8-b12994327ab5}" colorlabel="0" colorspacename="RGBA" locked="0" x="0"/>
   <layer onionskin="0" y="0" visible="1" filename="layer3" intimeline="1" channelflags="" nodetype="paintlayer" compositeop="normal" name="Paint Layer 2" channellockflags="1111" opacity="255" collapsed="0" uuid="{42c3931a-142f-497d-b695-553dd0793d1c}" colorlabel="0" colorspacename="RGBA" locked="0" x="0"/>
   <layer collapsed="0" nodetype="paintlayer" opacity="255" colorlabel="0" onionskin="0" visible="0" channellockflags="1111" y="0" compositeop="normal" selected="true" intimeline="0" locked="0" x="0" colorspacename="RGBA" name="Paint Layer 2 (pasted)" filename="layer4" uuid="{33675d2c-ea02-420b-b75a-b648cc2de32c}" channelflags=""/>
   <layer onionskin="0" y="0" visible="1" filename="layer5" intimeline="0" channelflags="" nodetype="paintlayer" compositeop="normal" name="Background" channellockflags="1111" opacity="255" collapsed="0" uuid="{7c22450b-e87e-47ca-b16e-94a12abcdefd}" colorlabel="0" colorspacename="RGBA" locked="0" x="0"/>
  </layers>
  <ProjectionBackgroundColor ColorData="AAAAAA=="/>
  <GlobalAssistantsColor SimpleColorData="176,176,176,255"/>
  <Palettes/>
  <resources/>
  <animation>
   <framerate value="24" type="value"/>
   <range type="timerange" from="0" to="100"/>
   <currentTime value="0" type="value"/>
  </animation>
 </IMAGE>
</DOC>
